{
  "fc": [
    [
      0,
      0.008493059016531013
    ],
    [
      5,
      0.03783472498208125
    ],
    [
      10,
      0.012736037616896193
    ],
    [
      15,
      0.013838240048235792
    ],
    [
      20,
      0.008514132217889176
    ],
    [
      25,
      0.008821277094291913
    ],
    [
      30,
      0.0063984894652302626
    ],
    [
      35,
      0.008097547948440417
    ],
    [
      40,
      0.0044203204656721885
    ],
    [
      45,
      0.00395092644459096
    ],
    [
      50,
      0.003159612926427537
    ],
    [
      55,
      0.0025878082336741413
    ],
    [
      59,
      0.006132640217384617
    ]
  ],
  "lstm": [
    [
      0,
      0.35699466340224484
    ],
    [
      5,
      0.22487708384618055
    ],
    [
      10,
      0.14686668578602236
    ],
    [
      15,
      0.24099623112570032
    ],
    [
      20,
      0.2616063314932191
    ],
    [
      25,
      0.26885655975307865
    ],
    [
      30,
      0.2712435613768013
    ],
    [
      35,
      0.2687903584114275
    ],
    [
      40,
      0.26759336171691706
    ],
    [
      45,
      0.27342258888033255
    ],
    [
      50,
      0.27535154896888536
    ],
    [
      55,
      0.26922123337973136
    ],
    [
      59,
      0.25873192436701287
    ]
  ],
  "transformer": [
    [
      0,
      0.13265816172563016
    ],
    [
      5,
      0.26257878969904136
    ],
    [
      10,
      0.2585767576669595
    ],
    [
      15,
      0.2792731398415618
    ],
    [
      20,
      0.22771519036555482
    ],
    [
      25,
      0.08758167512887458
    ],
    [
      30,
      0.04812438191448305
    ],
    [
      35,
      0.023549851510944797
    ],
    [
      40,
      0.013296446356224682
    ],
    [
      45,
      0.013334189799873997
    ],
    [
      50,
      0.01428824582977472
    ],
    [
      55,
      0.011227046182011226
    ],
    [
      59,
      0.011397910254666948
    ]
  ],
  "epochs": 60,
  "eval_every": 5
}