{
  "frequency": {
    "n_cycles": 20,
    "density": 0.028664192949907234,
    "js_mean": 0.12494908754448808,
    "js_std": 0.0030969239295270596,
    "js_min": 0.1208879351213657,
    "js_max": 0.13077568266613754,
    "cov_mean": 0.976470588235294
  },
  "tonnetz": {
    "n_cycles": 79,
    "density": 0.01568774805664498,
    "js_mean": 0.09204511746720172,
    "js_std": 0.0030059597397141375,
    "js_min": 0.08774734618313706,
    "js_max": 0.0964277718254927,
    "cov_mean": 0.976470588235294
  },
  "T": 539,
  "N": 51,
  "num_chords": 93,
  "inst1_n": 351,
  "inst2_n": 306,
  "n_repeats": 10,
  "best_overall": {
    "js": 0.08774734618313706,
    "metric": "tonnetz",
    "seed": 9502,
    "cov": 0.9803921568627451,
    "n_notes": 1838
  }
}