{
  "frequency": {
    "n_cycles": 11,
    "density": 0.01737223815145893,
    "js_mean": 0.1681014743105695,
    "js_std": 0.003581877322862167,
    "js_min": 0.16237566833078604,
    "js_max": 0.17500227589607642,
    "cov_mean": 0.976470588235294
  },
  "tonnetz": {
    "n_cycles": 105,
    "density": 0.011167064228288719,
    "js_mean": 0.10083642379438462,
    "js_std": 0.00224113777908309,
    "js_min": 0.09718929327014797,
    "js_max": 0.10476967234836548,
    "cov_mean": 0.976470588235294
  },
  "T": 539,
  "N": 51,
  "num_chords": 93,
  "inst1_n": 351,
  "inst2_n": 306,
  "n_repeats": 10,
  "best_overall": {
    "js": 0.09718929327014797,
    "metric": "tonnetz",
    "seed": 9504,
    "cov": 0.9803921568627451,
    "n_notes": 1838
  }
}