{
  "config": {
    "alpha": 0.0,
    "rate_t": 0.3,
    "rc_grid": [
      0.1,
      0.3,
      0.6,
      1.0
    ],
    "n": 10
  },
  "reference": {
    "global_best_algo2": 0.0004,
    "algo1_best_percycle": 0.0241,
    "timeflow_alpha0_baseline": 0.0398
  },
  "phase1_complex_grid": {
    "rc0.1": {
      "js_divergence": {
        "mean": 0.14099037096542708,
        "std": 0.004269419552495757,
        "min": 0.13341333451496998,
        "max": 0.14703088861773983
      },
      "kl_divergence": {
        "mean": 0.6864267404660376,
        "std": 0.04211041259942487,
        "min": 0.6259244704661654,
        "max": 0.7595037722701927
      },
      "note_coverage": {
        "mean": 1.0,
        "std": 0.0,
        "min": 1.0,
        "max": 1.0
      },
      "n_notes": {
        "mean": 1409.1,
        "std": 16.649657987811977,
        "min": 1384.0,
        "max": 1436.0
      },
      "pitch_count": {
        "mean": 17.0,
        "std": 0.0,
        "min": 17.0,
        "max": 17.0
      },
      "elapsed_s": {
        "mean": 0.045781183242797854,
        "std": 0.0029668796824156795,
        "min": 0.041730642318725586,
        "max": 0.05270028114318848
      },
      "n_cycles": 3,
      "rate_s": 0.1
    },
    "rc0.3": {
      "js_divergence": {
        "mean": 0.14099037096542708,
        "std": 0.004269419552495757,
        "min": 0.13341333451496998,
        "max": 0.14703088861773983
      },
      "kl_divergence": {
        "mean": 0.6864267404660376,
        "std": 0.04211041259942487,
        "min": 0.6259244704661654,
        "max": 0.7595037722701927
      },
      "note_coverage": {
        "mean": 1.0,
        "std": 0.0,
        "min": 1.0,
        "max": 1.0
      },
      "n_notes": {
        "mean": 1409.1,
        "std": 16.649657987811977,
        "min": 1384.0,
        "max": 1436.0
      },
      "pitch_count": {
        "mean": 17.0,
        "std": 0.0,
        "min": 17.0,
        "max": 17.0
      },
      "elapsed_s": {
        "mean": 0.04518234729766846,
        "std": 0.0028806848720704615,
        "min": 0.03952145576477051,
        "max": 0.04916048049926758
      },
      "n_cycles": 3,
      "rate_s": 0.3
    },
    "rc0.6": {
      "js_divergence": {
        "mean": 0.14099037096542708,
        "std": 0.004269419552495757,
        "min": 0.13341333451496998,
        "max": 0.14703088861773983
      },
      "kl_divergence": {
        "mean": 0.6864267404660376,
        "std": 0.04211041259942487,
        "min": 0.6259244704661654,
        "max": 0.7595037722701927
      },
      "note_coverage": {
        "mean": 1.0,
        "std": 0.0,
        "min": 1.0,
        "max": 1.0
      },
      "n_notes": {
        "mean": 1409.1,
        "std": 16.649657987811977,
        "min": 1384.0,
        "max": 1436.0
      },
      "pitch_count": {
        "mean": 17.0,
        "std": 0.0,
        "min": 17.0,
        "max": 17.0
      },
      "elapsed_s": {
        "mean": 0.04364168643951416,
        "std": 0.002425617949198998,
        "min": 0.04100942611694336,
        "max": 0.04850435256958008
      },
      "n_cycles": 3,
      "rate_s": 0.6
    },
    "rc1.0": {
      "js_divergence": {
        "mean": 0.14099037096542708,
        "std": 0.004269419552495757,
        "min": 0.13341333451496998,
        "max": 0.14703088861773983
      },
      "kl_divergence": {
        "mean": 0.6864267404660376,
        "std": 0.04211041259942487,
        "min": 0.6259244704661654,
        "max": 0.7595037722701927
      },
      "note_coverage": {
        "mean": 1.0,
        "std": 0.0,
        "min": 1.0,
        "max": 1.0
      },
      "n_notes": {
        "mean": 1409.1,
        "std": 16.649657987811977,
        "min": 1384.0,
        "max": 1436.0
      },
      "pitch_count": {
        "mean": 17.0,
        "std": 0.0,
        "min": 17.0,
        "max": 17.0
      },
      "elapsed_s": {
        "mean": 0.048268485069274905,
        "std": 0.0032527280001741193,
        "min": 0.045413970947265625,
        "max": 0.053698062896728516
      },
      "n_cycles": 3,
      "rate_s": 1.0
    }
  },
  "phase2_cont_tau05": {
    "js_divergence": {
      "mean": 0.10307751026923857,
      "std": 0.0027778006866611233,
      "min": 0.09878635013487472,
      "max": 0.10652076494476846
    },
    "kl_divergence": {
      "mean": 0.4765221665655872,
      "std": 0.020214160832151166,
      "min": 0.4459008145427882,
      "max": 0.5048412890992475
    },
    "note_coverage": {
      "mean": 1.0,
      "std": 0.0,
      "min": 1.0,
      "max": 1.0
    },
    "n_notes": {
      "mean": 1362.8,
      "std": 15.915052274148799,
      "min": 1343.0,
      "max": 1398.0
    },
    "pitch_count": {
      "mean": 17.0,
      "std": 0.0,
      "min": 17.0,
      "max": 17.0
    },
    "elapsed_s": {
      "mean": 0.04589433670043945,
      "std": 0.0037291340055881214,
      "min": 0.040925025939941406,
      "max": 0.05368781089782715
    },
    "n_cycles": 3,
    "tau": 0.5
  },
  "phase3_percycle_median": {
    "js_divergence": {
      "mean": 0.2356817193639876,
      "std": 0.006506510490806205,
      "min": 0.22815255352193245,
      "max": 0.24968079883470634
    },
    "kl_divergence": {
      "mean": 1.1938901866989806,
      "std": 0.07680248463578226,
      "min": 1.1105642245802603,
      "max": 1.3290749168880698
    },
    "note_coverage": {
      "mean": 1.0,
      "std": 0.0,
      "min": 1.0,
      "max": 1.0
    },
    "n_notes": {
      "mean": 1233.8,
      "std": 14.755789824110849,
      "min": 1215.0,
      "max": 1268.0
    },
    "pitch_count": {
      "mean": 17.0,
      "std": 0.0,
      "min": 17.0,
      "max": 17.0
    },
    "elapsed_s": {
      "mean": 0.0613461971282959,
      "std": 0.019652245139693422,
      "min": 0.04628324508666992,
      "max": 0.11336231231689453
    },
    "n_cycles": 3,
    "tau_medians": [
      0.4000000059604645,
      0.20000000298023224,
      0.25
    ]
  },
  "phase4_algo2": {
    "skipped": true
  }
}