{
  "experiment": "complex_mode",
  "description": "W_complex = W_timeflow_refined + r * W_simul, r_c grid",
  "alpha": 0.5,
  "octave_weight": 0.3,
  "rate_t": 0.3,
  "rc_grid": [
    0.1,
    0.3,
    0.6,
    1.0
  ],
  "n_repeats": 10,
  "results": {
    "timeflow_baseline": {
      "js_divergence": {
        "mean": 0.07536527457762474,
        "std": 0.002007562190175133,
        "min": 0.07274577490076665,
        "max": 0.0792941357981082
      },
      "kl_divergence": {
        "mean": 1.8878846421108846,
        "std": 0.41143841181269597,
        "min": 1.0370088368504526,
        "max": 2.3709015869016503
      },
      "note_coverage": {
        "mean": 0.8608695652173912,
        "std": 0.027498066610159803,
        "min": 0.8260869565217391,
        "max": 0.9130434782608695
      },
      "n_notes": {
        "mean": 1559.8,
        "std": 17.856215848954236,
        "min": 1540.0,
        "max": 1603.0
      },
      "pitch_count": {
        "mean": 14.8,
        "std": 0.6324555320336759,
        "min": 14.0,
        "max": 16.0
      },
      "elapsed_s": {
        "mean": 0.03131742477416992,
        "std": 0.002208067420247264,
        "min": 0.027601957321166992,
        "max": 0.03433346748352051
      },
      "n_cycles": 45,
      "search_type": "timeflow",
      "rate_t": 0.3,
      "rate_s": null
    },
    "complex_rc0.1": {
      "js_divergence": {
        "mean": 0.034361512160575716,
        "std": 0.0014134519100867818,
        "min": 0.03193547835779894,
        "max": 0.03668763515214044
      },
      "kl_divergence": {
        "mean": 0.7280318349901698,
        "std": 0.00634415061729701,
        "min": 0.7175180973228255,
        "max": 0.7387824835821137
      },
      "note_coverage": {
        "mean": 0.9565217391304349,
        "std": 1.1702778228589004e-16,
        "min": 0.9565217391304348,
        "max": 0.9565217391304348
      },
      "n_notes": {
        "mean": 1645.7,
        "std": 16.76007159889241,
        "min": 1618.0,
        "max": 1677.0
      },
      "pitch_count": {
        "mean": 16.0,
        "std": 0.0,
        "min": 16.0,
        "max": 16.0
      },
      "elapsed_s": {
        "mean": 0.035222339630126956,
        "std": 0.003832810157948287,
        "min": 0.030030488967895508,
        "max": 0.04280996322631836
      },
      "n_cycles": 45,
      "search_type": "complex",
      "rate_t": 0.3,
      "rate_s": 0.1
    },
    "complex_rc0.3": {
      "js_divergence": {
        "mean": 0.04141273849655463,
        "std": 0.0027893712107468324,
        "min": 0.037278583247633154,
        "max": 0.04647835808798613
      },
      "kl_divergence": {
        "mean": 0.600958908175944,
        "std": 0.2537428030249286,
        "min": 0.22311535090684045,
        "max": 0.7840215233748807
      },
      "note_coverage": {
        "mean": 0.9695652173913043,
        "std": 0.021001995284332508,
        "min": 0.9565217391304348,
        "max": 1.0
      },
      "n_notes": {
        "mean": 1572.5,
        "std": 18.910608427840472,
        "min": 1534.0,
        "max": 1594.0
      },
      "pitch_count": {
        "mean": 16.3,
        "std": 0.4830458915396479,
        "min": 16.0,
        "max": 17.0
      },
      "elapsed_s": {
        "mean": 0.03176369667053223,
        "std": 0.0011614292338617779,
        "min": 0.02976393699645996,
        "max": 0.033513784408569336
      },
      "n_cycles": 47,
      "search_type": "complex",
      "rate_t": 0.3,
      "rate_s": 0.3
    },
    "complex_rc0.6": {
      "js_divergence": {
        "mean": 0.04493455777621852,
        "std": 0.0021075417426688428,
        "min": 0.04206343378618192,
        "max": 0.04816322167007966
      },
      "kl_divergence": {
        "mean": 0.771676969644033,
        "std": 0.008874016536871742,
        "min": 0.7601391555076945,
        "max": 0.7847787021120535
      },
      "note_coverage": {
        "mean": 0.9565217391304349,
        "std": 1.1702778228589004e-16,
        "min": 0.9565217391304348,
        "max": 0.9565217391304348
      },
      "n_notes": {
        "mean": 1528.0,
        "std": 21.18175315375634,
        "min": 1494.0,
        "max": 1568.0
      },
      "pitch_count": {
        "mean": 16.0,
        "std": 0.0,
        "min": 16.0,
        "max": 16.0
      },
      "elapsed_s": {
        "mean": 0.031084704399108886,
        "std": 0.001403348517217903,
        "min": 0.02878713607788086,
        "max": 0.0327608585357666
      },
      "n_cycles": 48,
      "search_type": "complex",
      "rate_t": 0.3,
      "rate_s": 0.6
    },
    "complex_rc1.0": {
      "js_divergence": {
        "mean": 0.059373029998837756,
        "std": 0.0027583741235179403,
        "min": 0.05572097516266579,
        "max": 0.06429242915103026
      },
      "kl_divergence": {
        "mean": 1.731580287600201,
        "std": 0.014640600150177662,
        "min": 1.7153522767913536,
        "max": 1.7629440206226676
      },
      "note_coverage": {
        "mean": 0.9130434782608695,
        "std": 0.0,
        "min": 0.9130434782608695,
        "max": 0.9130434782608695
      },
      "n_notes": {
        "mean": 1515.1,
        "std": 18.621671962169955,
        "min": 1490.0,
        "max": 1545.0
      },
      "pitch_count": {
        "mean": 15.0,
        "std": 0.0,
        "min": 15.0,
        "max": 15.0
      },
      "elapsed_s": {
        "mean": 0.030585527420043945,
        "std": 0.0029723172942525264,
        "min": 0.027353286743164062,
        "max": 0.03562784194946289
      },
      "n_cycles": 50,
      "search_type": "complex",
      "rate_t": 0.3,
      "rate_s": 1.0
    }
  }
}