{
  "dft_lag1_only": {
    "mean": 0.021075068646030298,
    "std": 0.0020739537230531173,
    "n": 20,
    "n_cycles": 17
  },
  "dft_lag1to4_decayed": {
    "mean": 0.01958053240231509,
    "std": 0.00215955102989271,
    "n": 20,
    "n_cycles": 17
  },
  "tonnetz_lag1_only": {
    "mean": 0.048787430301650406,
    "std": 0.003997010492022264,
    "n": 20,
    "n_cycles": 47
  },
  "tonnetz_lag1to4_decayed": {
    "mean": 0.05114217619493285,
    "std": 0.003925305006172865,
    "n": 20,
    "n_cycles": 47
  }
}