{
  "n_repeats": 20,
  "min_onset_gap": 3,
  "alpha": 0.5,
  "octave_weight": 0.3,
  "duration_weight": 0.3,
  "DFT_lag1": {
    "mean": 0.02966934219521048,
    "std": 0.0022778181689218613,
    "n": 20,
    "K": 16,
    "ph_time_s": 7.0
  },
  "DFT_lag1to4": {
    "mean": 0.029084738585444497,
    "std": 0.003522732454049395,
    "n": 20,
    "K": 16,
    "ph_time_s": 7.2
  },
  "Tonnetz_lag1": {
    "mean": 0.05423685150980585,
    "std": 0.00349921573040879,
    "n": 20,
    "K": 47,
    "ph_time_s": 8.2
  },
  "Tonnetz_lag1to4": {
    "mean": 0.05588891908765583,
    "std": 0.005122860456097947,
    "n": 20,
    "K": 47,
    "ph_time_s": 7.8
  }
}