{
  "metric": "dft",
  "n_repeats": 10,
  "min_onset_gap": 3,
  "alpha": 0.5,
  "octave_weight": 0.3,
  "0.0": {
    "mean": 0.05025711917171426,
    "std": 0.003848304300427281,
    "K": 10,
    "ph_time_s": 6.0
  },
  "0.1": {
    "mean": 0.04131550668150931,
    "std": 0.0026138877515788335,
    "K": 25,
    "ph_time_s": 6.6
  },
  "0.3": {
    "mean": 0.030360384928729788,
    "std": 0.0027701745804304748,
    "K": 16,
    "ph_time_s": 7.3
  },
  "0.5": {
    "mean": 0.03262896317597383,
    "std": 0.003026784275772364,
    "K": 17,
    "ph_time_s": 7.1
  },
  "0.7": {
    "mean": 0.03204342354104438,
    "std": 0.0040011218017252355,
    "K": 17,
    "ph_time_s": 7.3
  },
  "1.0": {
    "mean": 0.019922493441287242,
    "std": 0.003101043251911165,
    "K": 19,
    "ph_time_s": 7.3
  },
  "best_dw": 1.0,
  "best_js": 0.019922493441287242
}