{
  "metric": "dft",
  "n_repeats": 10,
  "min_onset_gap": 3,
  "alpha": 0.5,
  "duration_weight": 1.0,
  "0.1": {
    "mean": 0.03266782939821281,
    "std": 0.003229492343533348,
    "K": 14,
    "ph_time_s": 9.0
  },
  "0.3": {
    "mean": 0.01835862801762924,
    "std": 0.002995512383747575,
    "K": 19,
    "ph_time_s": 7.7
  },
  "0.5": {
    "mean": 0.026165155229388327,
    "std": 0.003988535375978008,
    "K": 16,
    "ph_time_s": 7.7
  },
  "0.7": {
    "mean": 0.030963532426562922,
    "std": 0.002643390165791458,
    "K": 16,
    "ph_time_s": 7.7
  },
  "1.0": {
    "mean": 0.030039647001270636,
    "std": 0.003770313666842668,
    "K": 16,
    "ph_time_s": 7.7
  },
  "best_ow": 0.3,
  "best_js": 0.01835862801762924
}