{
  "alpha": 0.25,
  "K": 14,
  "baselines": {
    "binary": {
      "js_mean": 0.015858982630141724,
      "js_std": 0.0015237406098707145,
      "N": 20
    },
    "tau_0.3": {
      "js_mean": 0.04300257720753339,
      "js_std": 0.00247335043657094,
      "N": 20
    }
  },
  "percycle": {
    "js_mean": 0.0115628373627778,
    "js_std": 0.0014739627967748044,
    "N": 20,
    "tau_profile": [
      0.7,
      0.6,
      0.5,
      0.7,
      0.7,
      0.3,
      0.1,
      0.3,
      0.3,
      0.1,
      0.4,
      0.3,
      0.2,
      0.3
    ]
  },
  "welch_tests": {
    "vs_binary": {
      "t": -9.062758868873253,
      "p": 4.937904292946438e-11
    },
    "vs_tau03": {
      "t": -48.83328321965031,
      "p": 7.01844945612092e-31
    }
  }
}