{
  "N": 34,
  "T": 224,
  "num_chords": 49,
  "tempo": 28.999979216681563,
  "a1_frequency": {
    "n_cycles": 15,
    "density": 0.13214285714285715,
    "js_mean": 0.07025852818745759,
    "js_std": 0.00555597909238481,
    "js_min": 0.05959015627286228,
    "cov_mean": 0.9558823529411764
  },
  "a1_tonnetz": {
    "n_cycles": 64,
    "density": 0.023856026785714284,
    "js_mean": 0.06327580644281368,
    "js_std": 0.003985857083145454,
    "js_min": 0.05763399902329691,
    "cov_mean": 0.9823529411764707
  },
  "a1_voice_leading": {
    "n_cycles": 13,
    "density": 0.036401098901098904,
    "js_mean": 0.09088751947145639,
    "js_std": 0.007162460922466721,
    "js_min": 0.07913019538142789,
    "cov_mean": 0.9911764705882353
  },
  "a2_binary": {
    "fc": {
      "js_mean": 0.09900499460985597,
      "js_std": 0.0038515024030787055,
      "js_min": 0.09641631518225938,
      "val_mean": 0.16652209560076395
    },
    "lstm": {
      "js_mean": 0.16868601156899152,
      "js_std": 0.003366378581478995,
      "js_min": 0.1651563447218643,
      "val_mean": 0.18067256609598795
    },
    "transformer": {
      "js_mean": 0.023444102639373753,
      "js_std": 0.005718371188023013,
      "js_min": 0.01694437539892936,
      "val_mean": 0.18767276406288147
    }
  },
  "a2_continuous": {
    "fc": {
      "js_mean": 0.04630589208564798,
      "js_std": 0.004151236180754242,
      "js_min": 0.041540868459933274,
      "val_mean": 0.16143455108006796
    },
    "lstm": {
      "js_mean": 0.17901686073503406,
      "js_std": 0.0023885915182927835,
      "js_min": 0.17707626242227426,
      "val_mean": 0.18149002889792124
    },
    "transformer": {
      "js_mean": 0.01795645428159482,
      "js_std": 0.002325690620563108,
      "js_min": 0.01634083358655957,
      "val_mean": 0.16499446829160055
    }
  }
}