{
  "N": 34,
  "T": 224,
  "num_chords": 49,
  "tempo": 28.999979216681563,
  "a1_frequency": {
    "n_cycles": 22,
    "density": 0.07041396103896104,
    "js_mean": 0.06338432166942849,
    "js_std": 0.005314651839405755,
    "js_min": 0.05579488557300881,
    "cov_mean": 0.9617647058823529
  },
  "a1_tonnetz": {
    "n_cycles": 39,
    "density": 0.03743131868131868,
    "js_mean": 0.06318025548068673,
    "js_std": 0.003145469850283019,
    "js_min": 0.05932757354565599,
    "cov_mean": 0.9794117647058824
  },
  "a1_voice_leading": {
    "n_cycles": 25,
    "density": 0.04339285714285714,
    "js_mean": 0.07750904823370217,
    "js_std": 0.0036324467823314714,
    "js_min": 0.07252953296401182,
    "cov_mean": 0.9882352941176471
  },
  "a2_binary": {
    "fc": {
      "js_mean": 0.10612401703406134,
      "js_std": 0.005095375465090617,
      "js_min": 0.10096488770587532,
      "val_mean": 0.1698985993862152
    },
    "lstm": {
      "js_mean": 0.16835355282245998,
      "js_std": 0.0030771467941820203,
      "js_min": 0.16610779523484961,
      "val_mean": 0.18199245631694794
    },
    "transformer": {
      "js_mean": 0.03183390125314608,
      "js_std": 0.005694376036360323,
      "js_min": 0.025925075546177866,
      "val_mean": 0.17685175438721976
    }
  },
  "a2_continuous": {
    "fc": {
      "js_mean": 0.04223998897776143,
      "js_std": 0.0023027632085030323,
      "js_min": 0.04047392011386505,
      "val_mean": 0.15379140774408975
    },
    "lstm": {
      "js_mean": 0.1706569338581645,
      "js_std": 0.0021272104403682766,
      "js_min": 0.16926026951638956,
      "val_mean": 0.18158801396687826
    },
    "transformer": {
      "js_mean": 0.015603570588271878,
      "js_std": 0.0023551382364413917,
      "js_min": 0.013211582281770074,
      "val_mean": 0.15775714814662933
    }
  }
}