{
  "N": 34,
  "T": 224,
  "num_chords": 49,
  "tempo": 28.999979216681563,
  "a1_frequency": {
    "n_cycles": 37,
    "density": 0.04790057915057915,
    "js_mean": 0.06432612380179505,
    "js_std": 0.005561159049175349,
    "js_min": 0.054153927322908205,
    "cov_mean": 0.9911764705882353
  },
  "a1_tonnetz": {
    "n_cycles": 57,
    "density": 0.03305137844611529,
    "js_mean": 0.08161220622131662,
    "js_std": 0.006784988157448421,
    "js_min": 0.07075246782975834,
    "cov_mean": 0.9882352941176471
  },
  "a1_voice_leading": {
    "n_cycles": 22,
    "density": 0.06777597402597403,
    "js_mean": 0.06310422367880883,
    "js_std": 0.005915656663333907,
    "js_min": 0.05279850410799376,
    "cov_mean": 0.9882352941176471
  },
  "a2_binary": {
    "fc": {
      "js_mean": 0.11745954836300092,
      "js_std": 0.005770008772403832,
      "js_min": 0.11209504087695735,
      "val_mean": 0.16429132719834647
    },
    "lstm": {
      "js_mean": 0.16569487101811456,
      "js_std": 0.004719529183367312,
      "js_min": 0.16177947306369128,
      "val_mean": 0.179745023449262
    },
    "transformer": {
      "js_mean": 0.029108575682815756,
      "js_std": 0.011320375551893769,
      "js_min": 0.01650670803142705,
      "val_mean": 0.18316531678040823
    }
  },
  "a2_continuous": {
    "fc": {
      "js_mean": 0.045044994639192704,
      "js_std": 0.004267804123358216,
      "js_min": 0.041007596575299024,
      "val_mean": 0.15625275671482086
    },
    "lstm": {
      "js_mean": 0.16622770561035058,
      "js_std": 0.0017677276938877953,
      "js_min": 0.16418998097415838,
      "val_mean": 0.18107745548089346
    },
    "transformer": {
      "js_mean": 0.02165440417290287,
      "js_std": 0.005512890227168809,
      "js_min": 0.016038991372515823,
      "val_mean": 0.16712708274523416
    }
  }
}