{
  "n_repeats": 20,
  "A_binary_cached": {
    "js_divergence": {
      "mean": 0.05992337141669597,
      "std": 0.003721961688895294,
      "min": 0.05377948861825034,
      "max": 0.06957180415365316
    },
    "kl_divergence": {
      "mean": 0.27047230984275733,
      "std": 0.02193996319270338,
      "min": 0.23725839504494511,
      "max": 0.3286165433040733
    },
    "note_coverage": {
      "mean": 1.0,
      "std": 0.0,
      "min": 1.0,
      "max": 1.0
    },
    "n_notes": {
      "mean": 1440.85,
      "std": 19.361587038039495,
      "min": 1397.0,
      "max": 1475.0
    },
    "pitch_count": {
      "mean": 17.0,
      "std": 0.0,
      "min": 17.0,
      "max": 17.0
    },
    "elapsed_s": {
      "mean": 0.03542826175689697,
      "std": 0.00174914725578618,
      "min": 0.03274178504943848,
      "max": 0.03973889350891113
    }
  },
  "B_continuous_direct": {
    "js_divergence": {
      "mean": 0.052493204691755155,
      "std": 0.004805260925911488,
      "min": 0.046264491734358384,
      "max": 0.06200140427723498
    },
    "kl_divergence": {
      "mean": 0.23743269609346584,
      "std": 0.02764537993851868,
      "min": 0.2031191407628472,
      "max": 0.3034591164751594
    },
    "note_coverage": {
      "mean": 1.0,
      "std": 0.0,
      "min": 1.0,
      "max": 1.0
    },
    "n_notes": {
      "mean": 1463.0,
      "std": 19.048414770346586,
      "min": 1419.0,
      "max": 1490.0
    },
    "pitch_count": {
      "mean": 17.0,
      "std": 0.0,
      "min": 17.0,
      "max": 17.0
    },
    "elapsed_s": {
      "mean": 0.024998927116394044,
      "std": 0.001241379670817477,
      "min": 0.023247241973876953,
      "max": 0.027707338333129883
    }
  },
  "C_continuous_thr_0.3": {
    "js_divergence": {
      "mean": 0.0467996067761451,
      "std": 0.0038965550353421917,
      "min": 0.04083750302312791,
      "max": 0.05333949405746765
    },
    "kl_divergence": {
      "mean": 0.2126358646810786,
      "std": 0.022477468168556943,
      "min": 0.17737075526119772,
      "max": 0.2528405301026678
    },
    "note_coverage": {
      "mean": 1.0,
      "std": 0.0,
      "min": 1.0,
      "max": 1.0
    },
    "n_notes": {
      "mean": 1484.5,
      "std": 22.788501255538595,
      "min": 1448.0,
      "max": 1524.0
    },
    "pitch_count": {
      "mean": 17.0,
      "std": 0.0,
      "min": 17.0,
      "max": 17.0
    },
    "elapsed_s": {
      "mean": 0.026528239250183105,
      "std": 0.004023235892128768,
      "min": 0.02226114273071289,
      "max": 0.034371137619018555
    },
    "density": 0.4118960201740265
  },
  "C_continuous_thr_0.5": {
    "js_divergence": {
      "mean": 0.04546748747784337,
      "std": 0.0031688473992374823,
      "min": 0.038771823070742194,
      "max": 0.05208810268509771
    },
    "kl_divergence": {
      "mean": 0.22103054698210028,
      "std": 0.020242109395805306,
      "min": 0.18453697906082664,
      "max": 0.26397380751517574
    },
    "note_coverage": {
      "mean": 1.0,
      "std": 0.0,
      "min": 1.0,
      "max": 1.0
    },
    "n_notes": {
      "mean": 1551.55,
      "std": 22.553970358838562,
      "min": 1518.0,
      "max": 1597.0
    },
    "pitch_count": {
      "mean": 17.0,
      "std": 0.0,
      "min": 17.0,
      "max": 17.0
    },
    "elapsed_s": {
      "mean": 0.02251014709472656,
      "std": 0.002626129132182085,
      "min": 0.01793527603149414,
      "max": 0.027220964431762695
    },
    "density": 0.16835170984268188
  },
  "C_continuous_thr_0.7": {
    "js_divergence": {
      "mean": 0.027974160606124482,
      "std": 0.0016813629477343884,
      "min": 0.025861435009364175,
      "max": 0.03155001086329104
    },
    "kl_divergence": {
      "mean": 0.12021594672974048,
      "std": 0.007900476116273578,
      "min": 0.11059543333380145,
      "max": 0.13547018650703177
    },
    "note_coverage": {
      "mean": 1.0,
      "std": 0.0,
      "min": 1.0,
      "max": 1.0
    },
    "n_notes": {
      "mean": 1608.45,
      "std": 20.038055898976985,
      "min": 1567.0,
      "max": 1658.0
    },
    "pitch_count": {
      "mean": 17.0,
      "std": 0.0,
      "min": 17.0,
      "max": 17.0
    },
    "elapsed_s": {
      "mean": 0.03501380681991577,
      "std": 0.007982775473962186,
      "min": 0.028380870819091797,
      "max": 0.06337714195251465
    },
    "density": 0.04153536260128021
  }
}