{
  "summary": {
    "n_repeats": 2,
    "js_divergence": {
      "mean": 0.15085109696614185,
      "std": 0.007325764850799037,
      "min": 0.1456709989627638,
      "max": 0.15603119496951992
    },
    "best_seed": 7100,
    "best_js": 0.1456709989627638
  },
  "trials": [
    {
      "seed": 7100,
      "js": 0.1456709989627638,
      "coverage": 0.782608695652174,
      "n_notes": 2665,
      "mod_n_notes": 41,
      "elapsed_s": 0.00251007080078125
    },
    {
      "seed": 7101,
      "js": 0.15603119496951992,
      "coverage": 0.6521739130434783,
      "n_notes": 3055,
      "mod_n_notes": 47,
      "elapsed_s": 0.003000020980834961
    }
  ]
}