{
  "P0 — OR over 33": {
    "density": 0.9993206521739131,
    "js_mean": 0.09361744473360345,
    "js_std": 0.02799327166940181,
    "js_min": 0.05058388978004678,
    "js_max": 0.14311087143612727,
    "cov_mean": 0.7913043478260869
  },
  "P1 — mean → τ=0.5": {
    "density": 0.16032608695652173,
    "js_mean": 0.11304141176205514,
    "js_std": 0.028903335047066016,
    "js_min": 0.05925053949141662,
    "js_max": 0.16435543975060773,
    "cov_mean": 0.808695652173913
  },
  "P2 — mean continuous": {
    "density": 0.9993206521739131,
    "js_mean": 0.09361744473360345,
    "js_std": 0.02799327166940181,
    "js_min": 0.05058388978004678,
    "js_max": 0.14311087143612727,
    "cov_mean": 0.7913043478260869
  },
  "P3 — median module": {
    "density": 0.375,
    "js_mean": 0.10615217318126624,
    "js_std": 0.028767704882958073,
    "js_min": 0.0749019881660535,
    "js_max": 0.16850627243891367,
    "cov_mean": 0.808695652173913
  },
  "P5 — flat cycle rate": {
    "density": 0.043478260869565216,
    "js_mean": 0.3413082307888287,
    "js_std": 0.010224833312168122,
    "js_min": 0.3300691954142507,
    "js_max": 0.36248075035780486,
    "cov_mean": 0.391304347826087
  },
  "n_repeats": 10,
  "baseline_full_song_tonnetz": {
    "js_mean": 0.0398,
    "js_std": 0.0031
  }
}