{
  "F-bin (baseline)": {
    "js_mean": 0.0014435442565016708,
    "js_std": 0.001002448842356599,
    "js_min": 0.0006292408940897407,
    "js_max": 0.0031524838395856655,
    "val_mean": 0.07019899934530258,
    "val_std": 0.0014601966316356218,
    "cov_mean": 0.9478260869565217,
    "elapsed_total": 33.588982582092285
  },
  "F-cont (continuous)": {
    "js_mean": 0.0005682233520989918,
    "js_std": 0.00046425155186312394,
    "js_min": 0.0002634116634029224,
    "js_max": 0.001379915461796497,
    "val_mean": 0.031228844076395035,
    "val_std": 0.0007123915789721186,
    "cov_mean": 0.9913043478260869,
    "elapsed_total": 41.64492464065552
  },
  "n_trials": 5,
  "epochs": 60,
  "hidden_dim": 128,
  "batch_size": 32,
  "lr": 0.001,
  "note": "F-bin 은 §3.4 와 동일한 구조 (Tonnetz binary overlap). F-cont 는 희귀도 가중치를 적용한 연속값 활성행렬을 입력으로 사용."
}