{
  "n_repeats": 2,
  "A_binary_cached": {
    "js_divergence": {
      "mean": 0.0553937519248944,
      "std": 0.0022829130614972757,
      "min": 0.05377948861825034,
      "max": 0.05700801523153847
    },
    "kl_divergence": {
      "mean": 0.24437947732877574,
      "std": 0.010070731144568046,
      "min": 0.23725839504494511,
      "max": 0.25150055961260637
    },
    "note_coverage": {
      "mean": 1.0,
      "std": 0.0,
      "min": 1.0,
      "max": 1.0
    },
    "n_notes": {
      "mean": 1456.0,
      "std": 26.870057685088806,
      "min": 1437.0,
      "max": 1475.0
    },
    "pitch_count": {
      "mean": 17.0,
      "std": 0.0,
      "min": 17.0,
      "max": 17.0
    },
    "elapsed_s": {
      "mean": 0.036098480224609375,
      "std": 0.0012792411460026557,
      "min": 0.03519392013549805,
      "max": 0.0370030403137207
    }
  },
  "B_continuous_direct": {
    "js_divergence": {
      "mean": 0.05151093249055118,
      "std": 0.007419587671594806,
      "min": 0.046264491734358384,
      "max": 0.05675737324674397
    },
    "kl_divergence": {
      "mean": 0.23372801842892502,
      "std": 0.031198843509957122,
      "min": 0.21166710461785643,
      "max": 0.2557889322399936
    },
    "note_coverage": {
      "mean": 1.0,
      "std": 0.0,
      "min": 1.0,
      "max": 1.0
    },
    "n_notes": {
      "mean": 1474.0,
      "std": 7.0710678118654755,
      "min": 1469.0,
      "max": 1479.0
    },
    "pitch_count": {
      "mean": 17.0,
      "std": 0.0,
      "min": 17.0,
      "max": 17.0
    },
    "elapsed_s": {
      "mean": 0.028056859970092773,
      "std": 0.002327180387377525,
      "min": 0.02641129493713379,
      "max": 0.029702425003051758
    }
  },
  "C_continuous_thr_0.3": {
    "js_divergence": {
      "mean": 0.042858915683165785,
      "std": 0.0028587091989782476,
      "min": 0.04083750302312791,
      "max": 0.04488032834320367
    },
    "kl_divergence": {
      "mean": 0.19200180482752602,
      "std": 0.020691428728454468,
      "min": 0.17737075526119772,
      "max": 0.20663285439385431
    },
    "note_coverage": {
      "mean": 1.0,
      "std": 0.0,
      "min": 1.0,
      "max": 1.0
    },
    "n_notes": {
      "mean": 1505.5,
      "std": 14.849242404917497,
      "min": 1495.0,
      "max": 1516.0
    },
    "pitch_count": {
      "mean": 17.0,
      "std": 0.0,
      "min": 17.0,
      "max": 17.0
    },
    "elapsed_s": {
      "mean": 0.023625731468200684,
      "std": 0.0018509209992044224,
      "min": 0.022316932678222656,
      "max": 0.02493453025817871
    },
    "density": 0.4118960201740265
  },
  "C_continuous_thr_0.5": {
    "js_divergence": {
      "mean": 0.03948276102184908,
      "std": 0.0010054180924610983,
      "min": 0.038771823070742194,
      "max": 0.040193698972955966
    },
    "kl_divergence": {
      "mean": 0.18845399973909246,
      "std": 0.00553950376729939,
      "min": 0.18453697906082664,
      "max": 0.1923710204173583
    },
    "note_coverage": {
      "mean": 1.0,
      "std": 0.0,
      "min": 1.0,
      "max": 1.0
    },
    "n_notes": {
      "mean": 1543.5,
      "std": 36.062445840513924,
      "min": 1518.0,
      "max": 1569.0
    },
    "pitch_count": {
      "mean": 17.0,
      "std": 0.0,
      "min": 17.0,
      "max": 17.0
    },
    "elapsed_s": {
      "mean": 0.020972490310668945,
      "std": 0.0011774143600003356,
      "min": 0.02013993263244629,
      "max": 0.0218050479888916
    },
    "density": 0.16835170984268188
  },
  "C_continuous_thr_0.7": {
    "js_divergence": {
      "mean": 0.02911143178026941,
      "std": 0.0013105801954207705,
      "min": 0.028184711636798594,
      "max": 0.03003815192374023
    },
    "kl_divergence": {
      "mean": 0.12473414564600122,
      "std": 0.006796034168609243,
      "min": 0.11992862380020214,
      "max": 0.1295396674918003
    },
    "note_coverage": {
      "mean": 1.0,
      "std": 0.0,
      "min": 1.0,
      "max": 1.0
    },
    "n_notes": {
      "mean": 1604.5,
      "std": 7.7781745930520225,
      "min": 1599.0,
      "max": 1610.0
    },
    "pitch_count": {
      "mean": 17.0,
      "std": 0.0,
      "min": 17.0,
      "max": 17.0
    },
    "elapsed_s": {
      "mean": 0.02712249755859375,
      "std": 0.00045889488658661424,
      "min": 0.026798009872436523,
      "max": 0.027446985244750977
    },
    "density": 0.04153536260128021
  }
}