{
  "n_repeats": 10,
  "k_best": 10,
  "start_modules": [
    0,
    4,
    8,
    12,
    16,
    20,
    24,
    28
  ],
  "results": {
    "start_00": {
      "start_module": 0,
      "n_cycles": 13,
      "prototype_density": 0.4879807692307692,
      "js_mean": 0.07179226691020817,
      "js_std": 0.0215343412586238,
      "js_min": 0.04188423184535037,
      "js_max": 0.10729601046483997,
      "cov_mean": 0.8608695652173912
    },
    "start_04": {
      "start_module": 4,
      "n_cycles": 27,
      "prototype_density": 0.7754629629629629,
      "js_mean": 0.054549144920048566,
      "js_std": 0.01310008439048105,
      "js_min": 0.03228423442392608,
      "js_max": 0.07378345988132719,
      "cov_mean": 0.917391304347826
    },
    "start_08": {
      "start_module": 8,
      "n_cycles": 23,
      "prototype_density": 0.7771739130434783,
      "js_mean": 0.08055025640879697,
      "js_std": 0.019389831933963344,
      "js_min": 0.06054490483153146,
      "js_max": 0.11953416178216363,
      "cov_mean": 0.8739130434782607
    },
    "start_12": {
      "start_module": 12,
      "n_cycles": 30,
      "prototype_density": 0.8135416666666667,
      "js_mean": 0.05195494136715918,
      "js_std": 0.012074626715700428,
      "js_min": 0.03067968826676818,
      "js_max": 0.06581902583860466,
      "cov_mean": 0.9304347826086957
    },
    "start_16": {
      "start_module": 16,
      "n_cycles": 26,
      "prototype_density": 0.6634615384615384,
      "js_mean": 0.08613929737658094,
      "js_std": 0.01779790666209685,
      "js_min": 0.05310135955055702,
      "js_max": 0.11101062814159818,
      "cov_mean": 0.8130434782608695
    },
    "start_20": {
      "start_module": 20,
      "n_cycles": 29,
      "prototype_density": 0.78125,
      "js_mean": 0.07954081344586449,
      "js_std": 0.024047269110263444,
      "js_min": 0.03097767696394684,
      "js_max": 0.11759099171212531,
      "cov_mean": 0.9043478260869566
    },
    "start_24": {
      "start_module": 24,
      "n_cycles": 26,
      "prototype_density": 0.7872596153846154,
      "js_mean": 0.07102183731079786,
      "js_std": 0.018924973577673008,
      "js_min": 0.04016741183809638,
      "js_max": 0.10980215881368739,
      "cov_mean": 0.9130434782608695
    },
    "start_28": {
      "start_module": 28,
      "n_cycles": 27,
      "prototype_density": 0.7928240740740741,
      "js_mean": 0.04775615968490509,
      "js_std": 0.009997219781805195,
      "js_min": 0.02757081575504717,
      "js_max": 0.06164482368428578,
      "cov_mean": 0.9217391304347824
    }
  },
  "best_global": {
    "js": 0.02757081575504717,
    "info": {
      "start_module": 28,
      "seed": 9302,
      "mod_coverage": 21,
      "total_coverage": 0.9130434782608695,
      "n_notes": 3380
    },
    "musicxml": "output/step71_v4_best_m28_s9302_20260410_141104.musicxml"
  }
}