{
  "n_repeats": 20,
  "experiment_1_baselines": {
    "frequency": {
      "js_divergence": {
        "mean": 0.07529932339425051,
        "std": 0.00328249360480904,
        "min": 0.06964116042796176,
        "max": 0.08046442002535449
      },
      "kl_divergence": {
        "mean": 0.38736225522951284,
        "std": 0.026962339729628745,
        "min": 0.33987517360285746,
        "max": 0.424975584820577
      },
      "note_coverage": {
        "mean": 0.9913043478260869,
        "std": 0.01784310177539397,
        "min": 0.9565217391304348,
        "max": 1.0
      },
      "n_notes": {
        "mean": 1619.05,
        "std": 17.72442560868743,
        "min": 1590.0,
        "max": 1662.0
      },
      "pitch_count": {
        "mean": 17.0,
        "std": 0.0,
        "min": 17.0,
        "max": 17.0
      },
      "elapsed_s": {
        "mean": 0.031228268146514894,
        "std": 0.0015302288374182155,
        "min": 0.029280424118041992,
        "max": 0.03551530838012695
      },
      "n_cycles": 43,
      "n_repeats": 20
    },
    "tonnetz": {
      "js_divergence": {
        "mean": 0.03976845864175045,
        "std": 0.003139615346578007,
        "min": 0.03352105140638019,
        "max": 0.044694969402547136
      },
      "kl_divergence": {
        "mean": 0.17169117592720945,
        "std": 0.0156536177457979,
        "min": 0.14486605862533908,
        "max": 0.19686641282506762
      },
      "note_coverage": {
        "mean": 1.0,
        "std": 0.0,
        "min": 1.0,
        "max": 1.0
      },
      "n_notes": {
        "mean": 1698.75,
        "std": 18.037606913276903,
        "min": 1654.0,
        "max": 1734.0
      },
      "pitch_count": {
        "mean": 17.0,
        "std": 0.0,
        "min": 17.0,
        "max": 17.0
      },
      "elapsed_s": {
        "mean": 0.038926327228546144,
        "std": 0.003658826711561392,
        "min": 0.03551077842712402,
        "max": 0.05151867866516113
      },
      "n_cycles": 46,
      "n_repeats": 20
    },
    "voice_leading": {
      "js_divergence": {
        "mean": 0.08911168042002185,
        "std": 0.004839633018967388,
        "min": 0.07940872031501083,
        "max": 0.09838149705063484
      },
      "kl_divergence": {
        "mean": 0.40407338382573676,
        "std": 0.026664117803990136,
        "min": 0.35726520058507666,
        "max": 0.4641898218576809
      },
      "note_coverage": {
        "mean": 1.0,
        "std": 0.0,
        "min": 1.0,
        "max": 1.0
      },
      "n_notes": {
        "mean": 1410.05,
        "std": 19.68829467903254,
        "min": 1358.0,
        "max": 1447.0
      },
      "pitch_count": {
        "mean": 17.0,
        "std": 0.0,
        "min": 17.0,
        "max": 17.0
      },
      "elapsed_s": {
        "mean": 0.022196412086486816,
        "std": 0.0009997716969857404,
        "min": 0.019998788833618164,
        "max": 0.024001359939575195
      },
      "n_cycles": 22,
      "n_repeats": 20
    },
    "dft": {
      "js_divergence": {
        "mean": 0.05112662705558393,
        "std": 0.002853978092956733,
        "min": 0.04637713956433872,
        "max": 0.055626845081831085
      },
      "kl_divergence": {
        "mean": 0.273977630184856,
        "std": 0.029012413475293528,
        "min": 0.2312108181628415,
        "max": 0.32749189255909417
      },
      "note_coverage": {
        "mean": 1.0,
        "std": 0.0,
        "min": 1.0,
        "max": 1.0
      },
      "n_notes": {
        "mean": 1662.85,
        "std": 17.38503591265231,
        "min": 1629.0,
        "max": 1689.0
      },
      "pitch_count": {
        "mean": 17.0,
        "std": 0.0,
        "min": 17.0,
        "max": 17.0
      },
      "elapsed_s": {
        "mean": 0.026300477981567382,
        "std": 0.0019373403604862195,
        "min": 0.023753881454467773,
        "max": 0.031395912170410156
      },
      "n_cycles": 20,
      "n_repeats": 20
    }
  },
  "experiment_2_ablations": {
    "full_tonnetz": {
      "js_divergence": {
        "mean": 0.03972071468940301,
        "std": 0.002527915821977033,
        "min": 0.03366778716467814,
        "max": 0.04378690525701024
      },
      "kl_divergence": {
        "mean": 0.17187484723467036,
        "std": 0.012713359470163018,
        "min": 0.1440180195471612,
        "max": 0.19005178777714
      },
      "note_coverage": {
        "mean": 1.0,
        "std": 0.0,
        "min": 1.0,
        "max": 1.0
      },
      "n_notes": {
        "mean": 1687.65,
        "std": 18.604682489263713,
        "min": 1630.0,
        "max": 1721.0
      },
      "pitch_count": {
        "mean": 17.0,
        "std": 0.0,
        "min": 17.0,
        "max": 17.0
      },
      "elapsed_s": {
        "mean": 0.04075700044631958,
        "std": 0.0031649712320153444,
        "min": 0.03670907020568848,
        "max": 0.04772329330444336
      },
      "config": "K=46, Tonnetz, full",
      "n_cycles": 46
    },
    "subset_K10": {
      "js_divergence": {
        "mean": 0.09909751687095035,
        "std": 0.0037639519880024513,
        "min": 0.0895385246663722,
        "max": 0.10638837245193225
      },
      "kl_divergence": {
        "mean": 0.5559181950967705,
        "std": 0.03549180386091524,
        "min": 0.4765019140008841,
        "max": 0.6180046964074105
      },
      "note_coverage": {
        "mean": 0.9804347826086957,
        "std": 0.026295883427360844,
        "min": 0.9130434782608695,
        "max": 1.0
      },
      "n_notes": {
        "mean": 1673.35,
        "std": 17.324381966647923,
        "min": 1631.0,
        "max": 1696.0
      },
      "pitch_count": {
        "mean": 17.0,
        "std": 0.0,
        "min": 17.0,
        "max": 17.0
      },
      "elapsed_s": {
        "mean": 0.024399399757385254,
        "std": 0.00354872121460332,
        "min": 0.021092891693115234,
        "max": 0.03535127639770508
      },
      "config": "K=10, Tonnetz, prefix subset",
      "n_cycles": 10
    },
    "subset_K17": {
      "js_divergence": {
        "mean": 0.07399426110081773,
        "std": 0.0037694495073240944,
        "min": 0.06433066703448259,
        "max": 0.07900229646025769
      },
      "kl_divergence": {
        "mean": 0.5497556289961132,
        "std": 0.3438776134828122,
        "min": 0.3330320155701193,
        "max": 1.5528501599261162
      },
      "note_coverage": {
        "mean": 0.9956521739130434,
        "std": 0.013382326331545479,
        "min": 0.9565217391304348,
        "max": 1.0
      },
      "n_notes": {
        "mean": 1678.85,
        "std": 22.387202641358815,
        "min": 1642.0,
        "max": 1719.0
      },
      "pitch_count": {
        "mean": 16.9,
        "std": 0.3077935056255462,
        "min": 16.0,
        "max": 17.0
      },
      "elapsed_s": {
        "mean": 0.026299822330474853,
        "std": 0.0015585343831281556,
        "min": 0.023833751678466797,
        "max": 0.029788494110107422
      },
      "config": "K=17, Tonnetz, prefix subset",
      "n_cycles": 17
    }
  }
}