{
  "n_repeats": 20,
  "A_binary_cached": {
    "js_divergence": {
      "mean": 0.03874595239527645,
      "std": 0.002683080173779967,
      "min": 0.034428976729561175,
      "max": 0.04601846392941526
    },
    "kl_divergence": {
      "mean": 0.16566056858785727,
      "std": 0.013447927923288918,
      "min": 0.14349625945764335,
      "max": 0.20151188583367546
    },
    "note_coverage": {
      "mean": 1.0,
      "std": 0.0,
      "min": 1.0,
      "max": 1.0
    },
    "n_notes": {
      "mean": 1706.9,
      "std": 20.670090265379766,
      "min": 1669.0,
      "max": 1742.0
    },
    "pitch_count": {
      "mean": 17.0,
      "std": 0.0,
      "min": 17.0,
      "max": 17.0
    },
    "elapsed_s": {
      "mean": 0.04062099456787109,
      "std": 0.004101073823643984,
      "min": 0.03622245788574219,
      "max": 0.05472922325134277
    }
  },
  "B_continuous_direct": {
    "js_divergence": {
      "mean": 0.0381600914264975,
      "std": 0.002118341123748063,
      "min": 0.033652974356259885,
      "max": 0.0424844342457979
    },
    "kl_divergence": {
      "mean": 0.1610513517996826,
      "std": 0.009867919395768702,
      "min": 0.14313942558861303,
      "max": 0.18088152842858682
    },
    "note_coverage": {
      "mean": 1.0,
      "std": 0.0,
      "min": 1.0,
      "max": 1.0
    },
    "n_notes": {
      "mean": 1687.45,
      "std": 14.398373446147893,
      "min": 1660.0,
      "max": 1718.0
    },
    "pitch_count": {
      "mean": 17.0,
      "std": 0.0,
      "min": 17.0,
      "max": 17.0
    },
    "elapsed_s": {
      "mean": 0.029172170162200927,
      "std": 0.001579076552275164,
      "min": 0.02545475959777832,
      "max": 0.03345918655395508
    }
  },
  "C_continuous_thr_0.3": {
    "js_divergence": {
      "mean": 0.038591803429118825,
      "std": 0.0022075572204416096,
      "min": 0.034211084457838374,
      "max": 0.042726151784852076
    },
    "kl_divergence": {
      "mean": 0.16412854285813602,
      "std": 0.010816897059893152,
      "min": 0.1408546787750376,
      "max": 0.18206238496156288
    },
    "note_coverage": {
      "mean": 1.0,
      "std": 0.0,
      "min": 1.0,
      "max": 1.0
    },
    "n_notes": {
      "mean": 1690.95,
      "std": 19.6347570448561,
      "min": 1642.0,
      "max": 1726.0
    },
    "pitch_count": {
      "mean": 17.0,
      "std": 0.0,
      "min": 17.0,
      "max": 17.0
    },
    "elapsed_s": {
      "mean": 0.026765453815460204,
      "std": 0.0016416086267030097,
      "min": 0.02400040626525879,
      "max": 0.030502796173095703
    },
    "density": 0.373061865568161
  },
  "C_continuous_thr_0.5": {
    "js_divergence": {
      "mean": 0.034250856556206466,
      "std": 0.0027206116094809765,
      "min": 0.0290081841998501,
      "max": 0.03994954817442725
    },
    "kl_divergence": {
      "mean": 0.14138953539598031,
      "std": 0.012157070820167173,
      "min": 0.12025975418269776,
      "max": 0.16784615433897257
    },
    "note_coverage": {
      "mean": 1.0,
      "std": 0.0,
      "min": 1.0,
      "max": 1.0
    },
    "n_notes": {
      "mean": 1653.2,
      "std": 20.819019644242818,
      "min": 1624.0,
      "max": 1704.0
    },
    "pitch_count": {
      "mean": 17.0,
      "std": 0.0,
      "min": 17.0,
      "max": 17.0
    },
    "elapsed_s": {
      "mean": 0.025700974464416503,
      "std": 0.002336307047956698,
      "min": 0.022954702377319336,
      "max": 0.03299999237060547
    },
    "density": 0.2007073163986206
  },
  "C_continuous_thr_0.7": {
    "js_divergence": {
      "mean": 0.03638681143381668,
      "std": 0.0031824938903931175,
      "min": 0.030464587349607008,
      "max": 0.040777658009138455
    },
    "kl_divergence": {
      "mean": 0.15071104956785078,
      "std": 0.014266092650991553,
      "min": 0.12395312265101735,
      "max": 0.1701417953422169
    },
    "note_coverage": {
      "mean": 1.0,
      "std": 0.0,
      "min": 1.0,
      "max": 1.0
    },
    "n_notes": {
      "mean": 1605.25,
      "std": 18.864823851479994,
      "min": 1571.0,
      "max": 1643.0
    },
    "pitch_count": {
      "mean": 17.0,
      "std": 0.0,
      "min": 17.0,
      "max": 17.0
    },
    "elapsed_s": {
      "mean": 0.03538892269134521,
      "std": 0.008677321879400644,
      "min": 0.028960466384887695,
      "max": 0.057021141052246094
    },
    "density": 0.07692614942789078
  }
}