{
  "Baseline P1": {
    "js_mean": 0.11413994362218242,
    "js_std": 0.038719061841930955,
    "js_min": 0.07400592414371976,
    "js_max": 0.19980011058837668,
    "cov_mean": 0.7695652173913043,
    "mod_cov_mean": 17.7,
    "avg_elapsed_ms": 2.6891469955444336
  },
  "C: best-of-10": {
    "js_mean": 0.07395132708200929,
    "js_std": 0.02721112872390187,
    "js_min": 0.023566526410700388,
    "js_max": 0.11101621164525259,
    "cov_mean": 0.8956521739130434,
    "mod_cov_mean": 20.6,
    "avg_elapsed_ms": 29.709815979003906
  },
  "D: cov>=20/23": {
    "js_mean": 0.08192779928523372,
    "js_std": 0.02221744983470098,
    "js_min": 0.050249171608276064,
    "js_max": 0.11101621164525259,
    "cov_mean": 0.8826086956521738,
    "mod_cov_mean": 20.3,
    "avg_elapsed_ms": 11.139345169067383
  },
  "C+D combined": {
    "js_mean": 0.07395132708200929,
    "js_std": 0.02721112872390187,
    "js_min": 0.023566526410700388,
    "js_max": 0.11101621164525259,
    "cov_mean": 0.8956521739130434,
    "mod_cov_mean": 20.6,
    "avg_elapsed_ms": 34.1111421585083
  },
  "P4: module-local PH": {
    "js_mean": 0.06552762866293702,
    "js_std": 0.018534050840129858,
    "js_min": 0.037711857406226325,
    "js_max": 0.09779554056788399,
    "cov_mean": 0.8391304347826086,
    "mod_cov_mean": 19.3,
    "avg_elapsed_ms": 3.017711639404297
  },
  "P4 + C (best-of-10)": {
    "js_mean": 0.05895060578141822,
    "js_std": 0.014755459758840817,
    "js_min": 0.034798049359829025,
    "js_max": 0.07518020583311737,
    "cov_mean": 0.8869565217391303,
    "mod_cov_mean": 20.4,
    "avg_elapsed_ms": 35.01899242401123
  },
  "n_repeats": 10,
  "baseline_full_song": {
    "js_mean": 0.0398,
    "js_std": 0.0031
  }
}