{
  "n_repeats": 20,
  "A_binary_cached": {
    "js_divergence": {
      "mean": 0.047543163233710564,
      "std": 0.0027886756575627577,
      "min": 0.04231892032493441,
      "max": 0.05230048811834578
    },
    "kl_divergence": {
      "mean": 0.20878975005096967,
      "std": 0.01502646494784262,
      "min": 0.17806458670497138,
      "max": 0.23006739875474977
    },
    "note_coverage": {
      "mean": 1.0,
      "std": 0.0,
      "min": 1.0,
      "max": 1.0
    },
    "n_notes": {
      "mean": 1478.65,
      "std": 16.61728649708838,
      "min": 1448.0,
      "max": 1508.0
    },
    "pitch_count": {
      "mean": 17.0,
      "std": 0.0,
      "min": 17.0,
      "max": 17.0
    },
    "elapsed_s": {
      "mean": 0.04981477260589599,
      "std": 0.008675000099032,
      "min": 0.04099726676940918,
      "max": 0.07294774055480957
    }
  },
  "B_continuous_direct": {
    "js_divergence": {
      "mean": 0.04168309750040191,
      "std": 0.003422624471386224,
      "min": 0.031017990356660675,
      "max": 0.04692948621201841
    },
    "kl_divergence": {
      "mean": 0.1759392464224271,
      "std": 0.015742318121652287,
      "min": 0.12649789620515484,
      "max": 0.2002616814196051
    },
    "note_coverage": {
      "mean": 1.0,
      "std": 0.0,
      "min": 1.0,
      "max": 1.0
    },
    "n_notes": {
      "mean": 1480.65,
      "std": 21.521775997934352,
      "min": 1447.0,
      "max": 1525.0
    },
    "pitch_count": {
      "mean": 17.0,
      "std": 0.0,
      "min": 17.0,
      "max": 17.0
    },
    "elapsed_s": {
      "mean": 0.036180877685546876,
      "std": 0.005024279718827331,
      "min": 0.028584957122802734,
      "max": 0.048424720764160156
    }
  },
  "C_continuous_thr_0.3": {
    "js_divergence": {
      "mean": 0.04540689449061597,
      "std": 0.0038655759370676136,
      "min": 0.03828669008938217,
      "max": 0.05243609724119205
    },
    "kl_divergence": {
      "mean": 0.19571883200608267,
      "std": 0.019073849287046397,
      "min": 0.15938804175828433,
      "max": 0.22561323635381655
    },
    "note_coverage": {
      "mean": 1.0,
      "std": 0.0,
      "min": 1.0,
      "max": 1.0
    },
    "n_notes": {
      "mean": 1445.4,
      "std": 17.092318988980185,
      "min": 1419.0,
      "max": 1474.0
    },
    "pitch_count": {
      "mean": 17.0,
      "std": 0.0,
      "min": 17.0,
      "max": 17.0
    },
    "elapsed_s": {
      "mean": 0.02751253843307495,
      "std": 0.0032378354110381034,
      "min": 0.02254772186279297,
      "max": 0.036345720291137695
    },
    "density": 0.4027104079723358
  },
  "C_continuous_thr_0.5": {
    "js_divergence": {
      "mean": 0.051255018892195345,
      "std": 0.002962395006770843,
      "min": 0.046346208846065995,
      "max": 0.05725157286873346
    },
    "kl_divergence": {
      "mean": 0.24257313985915765,
      "std": 0.017754967690409653,
      "min": 0.21500420758077857,
      "max": 0.2798411589186417
    },
    "note_coverage": {
      "mean": 1.0,
      "std": 0.0,
      "min": 1.0,
      "max": 1.0
    },
    "n_notes": {
      "mean": 1477.1,
      "std": 16.55898547616973,
      "min": 1444.0,
      "max": 1496.0
    },
    "pitch_count": {
      "mean": 17.0,
      "std": 0.0,
      "min": 17.0,
      "max": 17.0
    },
    "elapsed_s": {
      "mean": 0.02318296432495117,
      "std": 0.0023476879527303826,
      "min": 0.02008843421936035,
      "max": 0.02875804901123047
    },
    "density": 0.15554599463939667
  },
  "C_continuous_thr_0.7": {
    "js_divergence": {
      "mean": 0.0297176616341899,
      "std": 0.0027154367396752506,
      "min": 0.023758105502831757,
      "max": 0.033206384497387796
    },
    "kl_divergence": {
      "mean": 0.12330623489800185,
      "std": 0.012261348838091386,
      "min": 0.09441358079616914,
      "max": 0.1413431006184814
    },
    "note_coverage": {
      "mean": 1.0,
      "std": 0.0,
      "min": 1.0,
      "max": 1.0
    },
    "n_notes": {
      "mean": 1553.8,
      "std": 20.94001457798718,
      "min": 1501.0,
      "max": 1588.0
    },
    "pitch_count": {
      "mean": 17.0,
      "std": 0.0,
      "min": 17.0,
      "max": 17.0
    },
    "elapsed_s": {
      "mean": 0.03514653444290161,
      "std": 0.0041625572506800565,
      "min": 0.02792191505432129,
      "max": 0.045401573181152344
    },
    "density": 0.03875938802957535
  }
}