{
  "F-bin (baseline)": {
    "js_mean": 0.0017209155024175958,
    "js_std": 0.00048686259636670506,
    "js_min": 0.0011759414895052048,
    "js_max": 0.0022655706550484926,
    "val_mean": 0.09290428608655929,
    "val_std": 0.003811547286875739,
    "cov_mean": 0.9478260869565217,
    "elapsed_total": 36.2061550617218
  },
  "F-cont (continuous)": {
    "js_mean": 0.0004013949861265682,
    "js_std": 0.00011517000732744262,
    "js_min": 0.00030040355605790304,
    "js_max": 0.0005423563219135121,
    "val_mean": 0.040099764615297316,
    "val_std": 0.0014436485733332414,
    "cov_mean": 1.0,
    "elapsed_total": 36.56709885597229
  },
  "n_trials": 5,
  "epochs": 60,
  "hidden_dim": 128,
  "batch_size": 32,
  "lr": 0.001,
  "note": "F-bin 은 §3.4 와 동일한 구조 (Tonnetz binary overlap). F-cont 는 희귀도 가중치를 적용한 연속값 활성행렬을 입력으로 사용."
}