{
  "n_repeats": 20,
  "A_binary_cached": {
    "js_divergence": {
      "mean": 0.05992337141669597,
      "std": 0.003721961688895294,
      "min": 0.05377948861825034,
      "max": 0.06957180415365316
    },
    "kl_divergence": {
      "mean": 0.27047230984275733,
      "std": 0.02193996319270338,
      "min": 0.23725839504494511,
      "max": 0.3286165433040733
    },
    "note_coverage": {
      "mean": 1.0,
      "std": 0.0,
      "min": 1.0,
      "max": 1.0
    },
    "n_notes": {
      "mean": 1440.85,
      "std": 19.361587038039495,
      "min": 1397.0,
      "max": 1475.0
    },
    "pitch_count": {
      "mean": 17.0,
      "std": 0.0,
      "min": 17.0,
      "max": 17.0
    },
    "elapsed_s": {
      "mean": 0.03755123615264892,
      "std": 0.006464833701248555,
      "min": 0.023899316787719727,
      "max": 0.0509641170501709
    }
  },
  "B_continuous_direct": {
    "js_divergence": {
      "mean": 0.052493204691755155,
      "std": 0.004805260925911488,
      "min": 0.046264491734358384,
      "max": 0.06200140427723498
    },
    "kl_divergence": {
      "mean": 0.23743269609346584,
      "std": 0.02764537993851868,
      "min": 0.2031191407628472,
      "max": 0.3034591164751594
    },
    "note_coverage": {
      "mean": 1.0,
      "std": 0.0,
      "min": 1.0,
      "max": 1.0
    },
    "n_notes": {
      "mean": 1463.0,
      "std": 19.048414770346586,
      "min": 1419.0,
      "max": 1490.0
    },
    "pitch_count": {
      "mean": 17.0,
      "std": 0.0,
      "min": 17.0,
      "max": 17.0
    },
    "elapsed_s": {
      "mean": 0.029330754280090333,
      "std": 0.007900727249893045,
      "min": 0.015801429748535156,
      "max": 0.05288815498352051
    }
  },
  "C_continuous_thr_0.3": {
    "js_divergence": {
      "mean": 0.05257942666865144,
      "std": 0.00314088068102242,
      "min": 0.04826637970456565,
      "max": 0.05933670675564162
    },
    "kl_divergence": {
      "mean": 0.24906611519767785,
      "std": 0.019822628920015732,
      "min": 0.22103813179722873,
      "max": 0.29031012626585423
    },
    "note_coverage": {
      "mean": 1.0,
      "std": 0.0,
      "min": 1.0,
      "max": 1.0
    },
    "n_notes": {
      "mean": 1439.25,
      "std": 20.216915793723985,
      "min": 1407.0,
      "max": 1470.0
    },
    "pitch_count": {
      "mean": 17.0,
      "std": 0.0,
      "min": 17.0,
      "max": 17.0
    },
    "elapsed_s": {
      "mean": 0.02076866626739502,
      "std": 0.004909181422065557,
      "min": 0.010401725769042969,
      "max": 0.032718658447265625
    },
    "density": 0.3546481132507324
  },
  "C_continuous_thr_0.5": {
    "js_divergence": {
      "mean": 0.042429515528089615,
      "std": 0.002697257455826409,
      "min": 0.03825593473587688,
      "max": 0.04762005144631121
    },
    "kl_divergence": {
      "mean": 0.19495863162740026,
      "std": 0.013093561723066428,
      "min": 0.17435710984085764,
      "max": 0.21601505848377192
    },
    "note_coverage": {
      "mean": 1.0,
      "std": 0.0,
      "min": 1.0,
      "max": 1.0
    },
    "n_notes": {
      "mean": 1457.85,
      "std": 18.89381686662263,
      "min": 1427.0,
      "max": 1499.0
    },
    "pitch_count": {
      "mean": 17.0,
      "std": 0.0,
      "min": 17.0,
      "max": 17.0
    },
    "elapsed_s": {
      "mean": 0.021503162384033204,
      "std": 0.004202683900783178,
      "min": 0.013138532638549805,
      "max": 0.02999138832092285
    },
    "density": 0.18025647103786469
  },
  "C_continuous_thr_0.7": {
    "js_divergence": {
      "mean": 0.02858178328811848,
      "std": 0.0022662887967330966,
      "min": 0.02536858724287159,
      "max": 0.032287700938661526
    },
    "kl_divergence": {
      "mean": 0.12224038010887199,
      "std": 0.010202351465891126,
      "min": 0.10853913110423116,
      "max": 0.1392570445689661
    },
    "note_coverage": {
      "mean": 1.0,
      "std": 0.0,
      "min": 1.0,
      "max": 1.0
    },
    "n_notes": {
      "mean": 1580.0,
      "std": 14.212670403551895,
      "min": 1555.0,
      "max": 1606.0
    },
    "pitch_count": {
      "mean": 17.0,
      "std": 0.0,
      "min": 17.0,
      "max": 17.0
    },
    "elapsed_s": {
      "mean": 0.026435697078704835,
      "std": 0.004737768899739084,
      "min": 0.01661849021911621,
      "max": 0.03377032279968262
    },
    "density": 0.060749299824237823
  }
}