{
  "P0 — OR over 33": {
    "density": 0.9985119047619048,
    "js_mean": 0.10814728923918528,
    "js_std": 0.03113593613941545,
    "js_min": 0.08613085765641332,
    "js_max": 0.13016372082195724,
    "cov_mean": 0.8043478260869565
  },
  "P1 — mean → τ=0.5": {
    "density": 0.19122023809523808,
    "js_mean": 0.16695832266765495,
    "js_std": 0.013417859052429943,
    "js_min": 0.15747046354267644,
    "js_max": 0.17644618179263347,
    "cov_mean": 0.717391304347826
  },
  "P2 — mean continuous": {
    "density": 0.9985119047619048,
    "js_mean": 0.10814728923918528,
    "js_std": 0.03113593613941545,
    "js_min": 0.08613085765641332,
    "js_max": 0.13016372082195724,
    "cov_mean": 0.8043478260869565
  },
  "P3 — median module": {
    "density": 0.36607142857142855,
    "js_mean": 0.15312318266537323,
    "js_std": 0.02609423047006173,
    "js_min": 0.13467177535014796,
    "js_max": 0.17157458998059852,
    "cov_mean": 0.717391304347826
  },
  "P5 — flat cycle rate": {
    "density": 0.09523809523809523,
    "js_mean": 0.2425940372475325,
    "js_std": 0.026217134507246703,
    "js_min": 0.22405572365417853,
    "js_max": 0.2611323508408865,
    "cov_mean": 0.5
  },
  "n_repeats": 2,
  "baseline_full_song_tonnetz": {
    "js_mean": 0.0398,
    "js_std": 0.0031
  }
}