{
  "F-bin (baseline)": {
    "js_mean": 0.0014435442565016708,
    "js_std": 0.001002448842356599,
    "js_min": 0.0006292408940897407,
    "js_max": 0.0031524838395856655,
    "val_mean": 0.07019899934530258,
    "val_std": 0.0014601966316356218,
    "cov_mean": 0.9478260869565217,
    "elapsed_total": 26.613032341003418
  },
  "F-cont (continuous)": {
    "js_mean": 0.00031023864049493417,
    "js_std": 8.859028727321733e-05,
    "js_min": 0.00020961813864230322,
    "js_max": 0.00041102456119917325,
    "val_mean": 0.02581487111747265,
    "val_std": 0.0011639308588014755,
    "cov_mean": 1.0,
    "elapsed_total": 25.5552921295166
  },
  "n_trials": 5,
  "epochs": 60,
  "hidden_dim": 128,
  "batch_size": 32,
  "lr": 0.001,
  "note": "F-bin 은 §3.4 와 동일한 구조 (Tonnetz binary overlap). F-cont 는 희귀도 가중치를 적용한 연속값 활성행렬을 입력으로 사용."
}