{
  "Baseline P1": {
    "js_mean": 0.1450172884067802,
    "js_std": 0.028488062656342843,
    "js_min": 0.10723225923517232,
    "js_max": 0.20284174382149142,
    "cov_mean": 0.734782608695652,
    "mod_cov_mean": 16.9,
    "avg_elapsed_ms": 2.8908252716064453
  },
  "C: best-of-10": {
    "js_mean": 0.12077959368597342,
    "js_std": 0.024780884428164587,
    "js_min": 0.08290936075000231,
    "js_max": 0.1499221025323231,
    "cov_mean": 0.8217391304347826,
    "mod_cov_mean": 18.9,
    "avg_elapsed_ms": 24.84261989593506
  },
  "D: cov>=20/23": {
    "js_mean": 0.11732761770341579,
    "js_std": 0.01782416329171329,
    "js_min": 0.09485862480047731,
    "js_max": 0.1499221025323231,
    "cov_mean": 0.8478260869565217,
    "mod_cov_mean": 19.5,
    "avg_elapsed_ms": 58.47055912017822
  },
  "C+D combined": {
    "js_mean": 0.12077959368597342,
    "js_std": 0.024780884428164587,
    "js_min": 0.08290936075000231,
    "js_max": 0.1499221025323231,
    "cov_mean": 0.8217391304347826,
    "mod_cov_mean": 18.9,
    "avg_elapsed_ms": 26.365208625793457
  },
  "P4: module-local PH": {
    "js_mean": 0.07834464099786673,
    "js_std": 0.027705312756833175,
    "js_min": 0.048498332450953495,
    "js_max": 0.13722372886615908,
    "cov_mean": 0.7608695652173914,
    "mod_cov_mean": 17.5,
    "avg_elapsed_ms": 2.9752492904663086
  },
  "P4 + C (best-of-10)": {
    "js_mean": 0.06537851812523894,
    "js_std": 0.019169803566912554,
    "js_min": 0.028187374031640455,
    "js_max": 0.08686741264703329,
    "cov_mean": 0.8347826086956521,
    "mod_cov_mean": 19.2,
    "avg_elapsed_ms": 26.323223114013672
  },
  "n_repeats": 10,
  "baseline_full_song": {
    "js_mean": 0.0398,
    "js_std": 0.0031
  }
}