{
  "FC-bin (baseline)": {
    "js_mean": 0.0014435442565016708,
    "js_std": 0.001002448842356599,
    "js_min": 0.0006292408940897407,
    "js_max": 0.0031524838395856655,
    "val_mean": 0.07019899934530258,
    "val_std": 0.0014601966316356218,
    "cov_mean": 0.9478260869565217,
    "elapsed_total": 29.54
  },
  "FC-cont": {
    "js_mean": 0.0005682233520989918,
    "js_std": 0.00046425155186312394,
    "js_min": 0.0002634116634029224,
    "js_max": 0.001379915461796497,
    "val_mean": 0.031228844076395035,
    "val_std": 0.0007123915789721186,
    "cov_mean": 0.9913043478260869,
    "elapsed_total": 27.919999999999998
  },
  "FC-cont-τ50": {
    "js_mean": 0.0007448613726646153,
    "js_std": 0.00020399003958141196,
    "js_min": 0.00039616918142217365,
    "js_max": 0.0009244080116405764,
    "val_mean": 0.042285893112421036,
    "val_std": 0.0011531300861927548,
    "cov_mean": 0.9826086956521738,
    "elapsed_total": 28.48
  },
  "n_trials": 5,
  "epochs": 60,
  "hidden_dim": 128,
  "batch_size": 32,
  "lr": 0.001,
  "tau": 0.5,
  "note": "FC-bin: cycle note 1개 이상 활성 → 1 (§3.4 기준). FC-cont: 희귀도 가중 활성도 a_{c,t} ∈ [0,1] 직접 입력. FC-cont-τ50: a_{c,t} >= 0.5 이진화 — 절반 이상 가중 활성이 있어야 cycle 활성 판정."
}