{
  "n_repeats": 20,
  "metric": "dft",
  "min_onset_gap": 3,
  "alpha": 0.5,
  "octave_weight": 0.3,
  "duration_weight": 1.0,
  "A_binary": {
    "js_divergence": {
      "mean": 0.018485626582492032,
      "std": 0.0022231121425109255
    },
    "density": 0.31259674922600617,
    "K": 19
  },
  "B_continuous_direct": {
    "js_divergence": {
      "mean": 0.023071601264345817,
      "std": 0.0028934454314138683
    },
    "density": 0.7278928018575851,
    "K": 19
  },
  "C_tau_0.3": {
    "js_divergence": {
      "mean": 0.04775138978127012,
      "std": 0.0048663824365977396
    },
    "density": 0.36672794818878174,
    "K": 19
  },
  "C_tau_0.5": {
    "js_divergence": {
      "mean": 0.06917033042528765,
      "std": 0.0069234887274375306
    },
    "density": 0.19910991191864014,
    "K": 19
  },
  "C_tau_0.7": {
    "js_divergence": {
      "mean": 0.0552503760175066,
      "std": 0.008100091018050712
    },
    "density": 0.06003289297223091,
    "K": 19
  }
}