{
  "n_repeats": 10,
  "k_best": 10,
  "start_modules": [
    0,
    4,
    8,
    12,
    16,
    20,
    24,
    28
  ],
  "results": {
    "start_00": {
      "start_module": 0,
      "n_cycles": 24,
      "prototype_density": 0.5169270833333334,
      "js_mean": 0.053867880673190885,
      "js_std": 0.015311430827049196,
      "js_min": 0.025781332513516553,
      "js_max": 0.07807266044782689,
      "cov_mean": 0.8869565217391304
    },
    "start_04": {
      "start_module": 4,
      "n_cycles": 34,
      "prototype_density": 0.7849264705882353,
      "js_mean": 0.06279229343682244,
      "js_std": 0.018471106107602008,
      "js_min": 0.032776813912964914,
      "js_max": 0.09918123824518907,
      "cov_mean": 0.8826086956521738
    },
    "start_08": {
      "start_module": 8,
      "n_cycles": 41,
      "prototype_density": 0.7865853658536586,
      "js_mean": 0.07768826114754616,
      "js_std": 0.02390454303527848,
      "js_min": 0.03366546681213296,
      "js_max": 0.11217107897469969,
      "cov_mean": 0.8956521739130435
    },
    "start_12": {
      "start_module": 12,
      "n_cycles": 39,
      "prototype_density": 0.8125,
      "js_mean": 0.07272007770368011,
      "js_std": 0.011821656525303046,
      "js_min": 0.055346322869584616,
      "js_max": 0.08918236660087175,
      "cov_mean": 0.8869565217391303
    },
    "start_16": {
      "start_module": 16,
      "n_cycles": 40,
      "prototype_density": 0.63359375,
      "js_mean": 0.06134542235862106,
      "js_std": 0.01572293127666773,
      "js_min": 0.04379068084062059,
      "js_max": 0.09259068170672916,
      "cov_mean": 0.9130434782608695
    },
    "start_20": {
      "start_module": 20,
      "n_cycles": 39,
      "prototype_density": 0.8012820512820513,
      "js_mean": 0.06387505982076593,
      "js_std": 0.015874766050902683,
      "js_min": 0.04633324506600195,
      "js_max": 0.0858714852647321,
      "cov_mean": 0.9130434782608695
    },
    "start_24": {
      "start_module": 24,
      "n_cycles": 39,
      "prototype_density": 0.8044871794871795,
      "js_mean": 0.07329589573309171,
      "js_std": 0.02021474379114294,
      "js_min": 0.04594927126143657,
      "js_max": 0.11259222120480314,
      "cov_mean": 0.8739130434782607
    },
    "start_28": {
      "start_module": 28,
      "n_cycles": 34,
      "prototype_density": 0.7987132352941176,
      "js_mean": 0.05882351448377454,
      "js_std": 0.01721802064474518,
      "js_min": 0.04223784363371387,
      "js_max": 0.10088301207804917,
      "cov_mean": 0.9
    }
  },
  "best_global": {
    "js": 0.025781332513516553,
    "info": {
      "start_module": 0,
      "seed": 9302,
      "mod_coverage": 21,
      "total_coverage": 0.9130434782608695,
      "n_notes": 3510
    },
    "musicxml": "output/step71_v4_best_m00_s9302_20260408_214553.musicxml"
  }
}