{
  "triad_sharing": {
    "mean": 0.08955530393914049,
    "std": 0.002991053111192643,
    "runs": [
      0.09324692765869076,
      0.09114883812027927,
      0.08906535788150019,
      0.08847364330385644,
      0.08683636592345878,
      0.08355722575899971,
      0.0974567935341571,
      0.08954118552155114,
      0.08727458574947261,
      0.08823056628329824,
      0.09296895232510977,
      0.089826230409051,
      0.09026790098610626,
      0.088491558852165,
      0.09261902750093175,
      0.08692456666979814,
      0.0896774658958119,
      0.08686823570867527,
      0.08817059183463768,
      0.09046005886525904
    ],
    "n_cycles": 33
  },
  "tonnetz": {
    "mean": 0.05948215764710749,
    "std": 0.0037973810594401545,
    "runs": [
      0.058231539967000215,
      0.05718621149868881,
      0.058625945106085,
      0.06036965928184783,
      0.055312486747615415,
      0.05952895725844238,
      0.06593862197735778,
      0.05166381680515515,
      0.059199508115528696,
      0.05842384575544052,
      0.0645947841952488,
      0.05551015140446647,
      0.061187556014347055,
      0.05750277673450524,
      0.05981827409042513,
      0.05995295566616419,
      0.06068830211543551,
      0.05751852240345298,
      0.059428951788524906,
      0.06896028601641771
    ],
    "n_cycles": 42
  },
  "t_test": {
    "t_stat": 27.822555466854638,
    "p_value": 7.119160982193187e-27,
    "significant": true
  },
  "delta_pct": -50.558263993127696,
  "n_repeats": 20,
  "alpha": 0.5,
  "condition": "lag=1, alpha=0.5 (metric_tonnetz.pkl 빌드와 동일)",
  "shared_triad_table": {
    "consonant_pairs": [
      "C-E",
      "C-F",
      "C-G",
      "C-A",
      "D-F",
      "D-G",
      "D-A",
      "D-B",
      "E-G",
      "E-A",
      "E-B",
      "F-A",
      "G-B"
    ],
    "dissonant_pairs": [
      "C-D",
      "C-B",
      "D-E",
      "E-F",
      "F-G",
      "F-B",
      "G-A",
      "A-B"
    ],
    "all_shared_values": [
      2,
      0
    ],
    "note": "자음 음정 쌍=2개 공유, 불협 음정 쌍=0개 공유 (이진 구조)"
  }
}