{"N": 23, "values": [0.00461, 0.00863, 0.0297, 0.02946, 0.31051, 0.00345, 0.08758, 0.48439, 0.08356, 0.09272, 0.48814, 0.10841, 0.45116, 0.48439, 0.38306, 0.38355, 0.44635, 0.41532, 0.55994, 0.56036, 0.58214, 0.6144, 0.61674, 0.00863, 0.00461, 0.00863, 0.0297, 0.31599, 0.00593, 0.08356, 0.4927, 0.08758, 0.0849, 0.49362, 0.10841, 0.45878, 0.4927, 0.39878, 0.38394, 0.45745, 0.38452, 0.55967, 0.56069, 0.58288, 0.56332, 0.56389, 0.0297, 0.00863, 0.00461, 0.00863, 0.31593, 0.01383, 0.08758, 0.49265, 0.10865, 0.081, 0.49356, 0.10865, 0.4587, 0.49265, 0.38273, 0.40544, 0.45737, 0.38499, 0.55968, 0.5766, 0.56163, 0.56389, 0.56332, 0.02946, 0.0297, 0.00863, 0.00452, 0.31599, 0.00593, 0.10865, 0.4927, 0.10841, 0.08097, 0.49362, 0.08758, 0.45871, 0.4927, 0.38307, 0.38355, 0.45739, 0.41706, 0.55999, 0.56044, 0.55698, 0.61674, 0.6144, 0.31051, 0.31599, 0.31593, 0.31599, 0.00784, 0.30131, 0.49362, 0.09152, 0.48814, 0.48262, 0.08679, 0.48472, 0.19239, 0.09152, 0.58007, 0.59249, 0.19312, 0.5856, 0.75813, 0.76565, 0.76992, 0.79179, 0.79183, 0.00345, 0.00593, 0.01383, 0.00593, 0.30131, 0.00068, 0.08488, 0.47802, 0.0824, 0.08221, 0.47894, 0.08228, 0.4433, 0.47802, 0.37887, 0.37829, 0.44129, 0.38578, 0.55523, 0.55484, 0.55858, 0.58233, 0.58286, 0.08758, 0.08356, 0.08758, 0.10865, 0.49362, 0.08488, 0.00461, 0.31507, 0.00863, 0.00595, 0.31599, 0.02946, 0.28115, 0.31507, 0.22115, 0.20631, 0.27982, 0.20689, 0.38204, 0.38306, 0.40525, 0.38569, 0.38626, 0.48439, 0.4927, 0.49265, 0.4927, 0.09152, 0.47802, 0.31507, 0.00751, 0.30676, 0.30453, 0.01257, 0.30676, 0.01565, 0.00751, 0.40372, 0.41392, 0.01396, 0.4207, 0.58011, 0.58149, 0.59151, 0.61233, 0.61237, 0.08356, 0.08758, 0.10865, 0.10841, 0.48814, 0.0824, 0.00863, 0.30676, 0.00461, 0.01377, 0.31051, 0.02946, 0.27352, 0.30676, 0.20543, 0.20592, 0.26872, 0.23769, 0.38231, 0.38273, 0.4045, 0.43677, 0.43911, 0.09272, 0.0849, 0.081, 0.08097, 0.48262, 0.08221, 0.00595, 0.30453, 0.01377, 0.0, 0.30498, 0.00595, 0.26781, 0.30453, 0.2003, 0.20332, 0.26714, 0.20478, 0.37758, 0.3801, 0.37701, 0.38403, 0.38357, 0.48814, 0.49362, 0.49356, 0.49362, 0.08679, 0.47894, 0.31599, 0.01257, 0.31051, 0.30498, 0.00784, 0.30709, 0.01476, 0.01257, 0.40244, 0.41485, 0.01549, 0.40797, 0.5805, 0.58801, 0.59229, 0.61416, 0.6142, 0.10841, 0.10841, 0.10865, 0.08758, 0.48472, 0.08228, 0.02946, 0.30676, 0.02946, 0.00595, 0.30709, 0.00444, 0.28142, 0.30676, 0.20956, 0.20608, 0.28006, 0.2137, 0.38215, 0.38048, 0.38365, 0.43613, 0.43597, 0.45116, 0.45878, 0.4587, 0.45871, 0.19239, 0.4433, 0.28115, 0.01565, 0.27352, 0.26781, 0.01476, 0.28142, 0.05096, 0.01565, 0.38363, 0.39963, 0.01918, 0.40884, 0.56203, 0.57191, 0.57714, 0.60365, 0.60371, 0.48439, 0.4927, 0.49265, 0.4927, 0.09152, 0.47802, 0.31507, 0.00751, 0.30676, 0.30453, 0.01257, 0.30676, 0.01565, 0.00751, 0.40372, 0.41392, 0.01396, 0.4207, 0.58011, 0.58149, 0.59151, 0.61233, 0.61237, 0.38306, 0.39878, 0.38273, 0.38307, 0.58007, 0.37887, 0.22115, 0.40372, 0.20543, 0.2003, 0.40244, 0.20956, 0.38363, 0.40372, 0.02257, 0.02417, 0.38533, 0.01444, 0.0854, 0.08941, 0.08436, 0.12898, 0.12813, 0.38355, 0.38394, 0.40544, 0.38355, 0.59249, 0.37829, 0.20631, 0.41392, 0.20592, 0.20332, 0.41485, 0.20608, 0.39963, 0.41392, 0.02417, 0.03673, 0.39829, 0.0162, 0.08397, 0.09204, 0.09302, 0.14254, 0.08954, 0.44635, 0.45745, 0.45737, 0.45739, 0.19312, 0.44129, 0.27982, 0.01396, 0.26872, 0.26714, 0.01549, 0.28006, 0.01918, 0.01396, 0.38533, 0.39829, 0.04481, 0.40656, 0.56762, 0.56298, 0.57586, 0.601, 0.60105, 0.41532, 0.38452, 0.38499, 0.41706, 0.5856, 0.38578, 0.20689, 0.4207, 0.23769, 0.20478, 0.40797, 0.2137, 0.40884, 0.4207, 0.01444, 0.0162, 0.40656, 0.07551, 0.09194, 0.09338, 0.08844, 0.20293, 0.09021, 0.55994, 0.55967, 0.55968, 0.55999, 0.75813, 0.55523, 0.38204, 0.58011, 0.38231, 0.37758, 0.5805, 0.38215, 0.56203, 0.58011, 0.0854, 0.08397, 0.56762, 0.09194, 0.01427, 0.00336, 0.00372, 0.04134, 0.04134, 0.56036, 0.56069, 0.5766, 0.56044, 0.76565, 0.55484, 0.38306, 0.58149, 0.38273, 0.3801, 0.58801, 0.38048, 0.57191, 0.58149, 0.08941, 0.09204, 0.56298, 0.09338, 0.00336, 0.02149, 0.00775, 0.0502, 0.00999, 0.58214, 0.58288, 0.56163, 0.55698, 0.76992, 0.55858, 0.40525, 0.59151, 0.4045, 0.37701, 0.59229, 0.38365, 0.57714, 0.59151, 0.08436, 0.09302, 0.57586, 0.08844, 0.00372, 0.00775, 0.0379, 0.01061, 0.06351, 0.6144, 0.56332, 0.56389, 0.61674, 0.79179, 0.58233, 0.38569, 0.61233, 0.43677, 0.38403, 0.61416, 0.43613, 0.60365, 0.61233, 0.12898, 0.14254, 0.601, 0.20293, 0.04134, 0.0502, 0.01061, 0.25, 0.012, 0.61674, 0.56389, 0.56332, 0.6144, 0.79183, 0.58286, 0.38626, 0.61237, 0.43911, 0.38357, 0.6142, 0.43597, 0.60371, 0.61237, 0.12813, 0.08954, 0.60105, 0.09021, 0.04134, 0.00999, 0.06351, 0.012, 0.25], "min": 0.0, "max": 0.7918307932603036, "optimal_config": {"metric": "dft", "alpha": 0.25, "w_o": 0.3, "w_d": 1.0, "use_decayed": true, "rate": 1.0}, "description": "Hybrid DFT (α=0.25, w_o=0.3, w_d=1.0) + decayed lag 1~4, rate=1.0. Row-major 평탄화. values[i*N + j] = d(note_i, note_j). 23×23 대칭."}