{"N": 23, "coords_2d": [[-0.5497, 0.19877], [-0.54805, 0.16196], [-0.55793, 0.1557], [-0.56793, 0.17618], [0.04504, 0.9], [-0.53053, 0.174], [-0.24131, 0.03076], [0.34908, 0.59188], [-0.24102, 0.06095], [-0.22633, 0.03735], [0.35689, 0.58964], [-0.22901, 0.04833], [0.32046, 0.54044], [0.3458, 0.59427], [0.15016, -0.37731], [0.13532, -0.39775], [0.32151, 0.54213], [0.15334, -0.39472], [0.27992, -0.69518], [0.28575, -0.70173], [0.28033, -0.71772], [0.3327, -0.77066], [0.33551, -0.74729]], "coords_3d": [[-0.5333, -0.03532, -0.34351], [-0.53083, -0.07511, -0.31709], [-0.5075, -0.06547, -0.36383], [-0.5414, -0.0607, -0.34352], [-0.39609, 0.9, 0.02088], [-0.51526, -0.05225, -0.31664], [-0.21242, -0.0639, -0.13534], [0.01364, 0.72884, 0.17668], [-0.22873, -0.04047, -0.12874], [-0.19927, -0.0515, -0.13578], [-0.00152, 0.73012, 0.18321], [-0.19892, -0.03726, -0.1529], [-0.02317, 0.65666, 0.22319], [0.0056, 0.72535, 0.19223], [0.29201, -0.31443, 0.11907], [0.3108, -0.32345, 0.08422], [-0.03651, 0.64617, 0.23994], [0.31233, -0.32123, 0.10891], [0.55203, -0.57344, 0.19443], [0.57901, -0.55985, 0.18613], [0.58327, -0.58591, 0.15073], [0.63347, -0.63952, 0.16151], [0.64279, -0.58733, 0.19621]], "space": "[-1, 1]^D 중심원점", "stress_2d": 0.5186672842845501, "stress_3d": 0.5237452632083515, "description": "23 note MDS 좌표. dissimilarity=hybrid DFT α=0.25 거리. coords_2d는 2D fallback, coords_3d는 3D 회전 뷰용."}